<?xml version="1.0" encoding="UTF-8"?>
<!-- ZK will load this file
    (classpath/metainfo/zk/lang-addon.xml) automatically -->

<language-addon>
    <!-- addon name, 
        required, it's better to be unique -->
    <addon-name>codemirror</addon-name>
    <!-- specifies the name of a language definition
        should be unique in a language definition,
        xul/html is predefinied language in ZK
        so can be used in lang-addon directly -->
    <language-name>xul/html</language-name>

    <!-- version
        optional,
        if the version specified in version-class is not
        the same as version-uid, or the real ZK version is smaller
        then zk-version, the addon will be ignored -->
    <version>
        <version-class>org.sinnlabs.zk.codemirror.Version</version-class>
        <version-uid>0.0.1</version-uid>
        <zk-version>7.0.0</zk-version><!-- or later -->
    </version> 
    
    <!-- ~. means \src\main\resources\web -->
    <stylesheet href="~./js/org/sinnlabs/zk/ui/mode/tiddlywiki.css" type="text/css"/>
    <stylesheet href="~./js/org/sinnlabs/zk/ui/mode/tiki.css" type="text/css"/>

    <!-- define a component -->
    <component>
        <!-- the tag name of this component
            required,
            must be unique -->
        <component-name>codemirror</component-name>
        <!-- fully-qualified java class name at server side
            required for a new component that not extends another component -->
        <component-class>org.sinnlabs.zk.ui.CodeMirror</component-class>
        <!-- widget class, 'org.sinnlabs.zk.ui.CodeMirror' also specify the
            package of widget class 'org.sinnlabs.zk.ui'
            required for a new component that not extends another component -->
            
        <widget-class>org.sinnlabs.zk.ui.CodeMirrorWidget</widget-class>
        <!-- mold
            required for a new component that not extends another component
            or has self widget-class
            
            a mold denotes the files that to render and style this comopnent -->
        <mold>
            <!-- default mold is required -->
            <mold-name>default</mold-name>
            <!-- relative path based on widget-class' path
                (web/js/org/sinnlabs/zk/ui/)
                
                where codemirrorwidget.js (required) contains a function that
                will render the html of the comopnent. -->
            <mold-uri>mold/codemirrorwidget.js</mold-uri>
            <css-uri>css/codemirror.css</css-uri>
        </mold>
    </component>
</language-addon>