<jease>
  <component>
    <domain>jease.cms.domain.Access</domain>
    <editor>jease.cms.web.content.editor.AccessEditor</editor>
    <icon>~./jease/cms/Access.png</icon>
    <view>/site/domain/Access.jsp</view>
  </component>
  <component>
    <domain>jease.cms.domain.Discussion</domain>
    <editor>jease.cms.web.content.editor.DiscussionEditor</editor>
    <icon>~./jease/cms/Discussion.png</icon>
    <view>/site/domain/Discussion.jsp</view>
  </component>
  <component>
    <domain>jease.cms.domain.Document</domain>
    <editor>jease.cms.web.content.editor.DocumentEditor</editor>
    <icon>~./jease/cms/Document.png</icon>
    <view>/site/domain/Document.jsp</view>
  </component>
  <component>
    <domain>jease.cms.domain.Composite</domain>
    <editor>jease.cms.web.content.editor.CompositeEditor</editor>
    <icon>~./jease/cms/Composite.png</icon>
    <view>/site/domain/Composite.jsp</view>
  </component>
  <component>
    <domain>jease.cms.domain.Factory</domain>
    <editor>jease.cms.web.content.editor.FactoryEditor</editor>
    <icon>~./jease/cms/Factory.png</icon>
    <view>/site/domain/Factory.jsp</view>
  </component>
  <component>
    <domain>jease.cms.domain.File</domain>
    <editor>jease.cms.web.content.editor.FileEditor</editor>
    <icon>~./jease/cms/File.png</icon>
    <view>/site/domain/File.jsp</view>
  </component>
  <component>
    <domain>jease.cms.domain.Folder</domain>
    <editor>jease.cms.web.content.editor.FolderEditor</editor>
    <icon>~./jease/cms/Folder.png</icon>
    <view>/site/domain/Folder.jsp</view>
  </component>
  <component>
    <domain>jease.cms.domain.Gallery</domain>
    <editor>jease.cms.web.content.editor.GalleryEditor</editor>
    <icon>~./jease/cms/Gallery.png</icon>
    <view>/site/domain/Gallery.jsp</view>
  </component>
  <component>
    <domain>jease.cms.domain.Image</domain>
    <editor>jease.cms.web.content.editor.ImageEditor</editor>
    <icon>~./jease/cms/Image.png</icon>
    <view>/site/domain/Image.jsp</view>
  </component>
  <component>
    <domain>jease.cms.domain.Item</domain>
    <editor>jease.cms.web.content.editor.ItemEditor</editor>
    <icon>~./jease/cms/Item.png</icon>
    <view>/site/domain/Item.jsp</view>
  </component>  
  <component>
    <domain>jease.cms.domain.Link</domain>
    <editor>jease.cms.web.content.editor.LinkEditor</editor>
    <icon>~./jease/cms/Link.png</icon>
    <view>/site/domain/Link.jsp</view>
  </component>
  <component>
    <domain>jease.cms.domain.Media</domain>
    <editor>jease.cms.web.content.editor.MediaEditor</editor>
    <icon>~./jease/cms/Media.png</icon>
    <view>/site/domain/Media.jsp</view>
  </component>
  <component>
    <domain>jease.cms.domain.News</domain>
    <editor>jease.cms.web.content.editor.NewsEditor</editor>
    <icon>~./jease/cms/News.png</icon>
    <view>/site/domain/News.jsp</view>
  </component>
  <component>
    <domain>jease.cms.domain.Reference</domain>
    <editor>jease.cms.web.content.editor.ReferenceEditor</editor>
    <icon>~./jease/cms/Reference.png</icon>
    <view>/site/domain/Reference.jsp</view>
  </component>
  <component>
    <domain>jease.cms.domain.Script</domain>
    <editor>jease.cms.web.content.editor.ScriptEditor</editor>
    <icon>~./jease/cms/Script.png</icon>
    <view>/site/domain/Script.jsp</view>
  </component>
  <component>
    <domain>jease.cms.domain.Text</domain>
    <editor>jease.cms.web.content.editor.TextEditor</editor>
    <icon>~./jease/cms/Text.png</icon>
    <view>/site/domain/Text.jsp</view>
  </component>
  <component>
    <domain>jease.cms.domain.Topic</domain>
    <editor>jease.cms.web.content.editor.TopicEditor</editor>
    <icon>~./jease/cms/Topic.png</icon>
    <view>/site/domain/Topic.jsp</view>
  </component>
  <component>
    <domain>jease.cms.domain.Transit</domain>
    <editor>jease.cms.web.content.editor.TransitEditor</editor>
    <icon>~./jease/cms/Transit.png</icon>
    <view>/site/domain/Transit.jsp</view>
  </component>
  <component>
    <domain>jease.cms.domain.Trash</domain>
    <editor>jease.cms.web.content.editor.TrashEditor</editor>
    <icon>~./jease/cms/Trash.png</icon>
    <view>/site/domain/Trash.jsp</view>
  </component>
  <component>
    <domain>jease.cms.domain.Wiki</domain>
    <editor>jease.cms.web.content.editor.WikiEditor</editor>
    <icon>~./jease/cms/Wiki.png</icon>
    <view>/site/domain/Wiki.jsp</view>
  </component>
  <component>
    <domain>jease.cms.domain.property.BooleanProperty</domain>
    <editor>jease.cms.web.content.editor.property.BooleanPropertyEditor</editor>
  </component>
  <component>
    <domain>jease.cms.domain.property.ChoiceProperty</domain>
    <editor>jease.cms.web.content.editor.property.ChoicePropertyEditor</editor>
  </component>
  <component>
    <domain>jease.cms.domain.property.DateProperty</domain>
    <editor>jease.cms.web.content.editor.property.DatePropertyEditor</editor>
  </component>
  <component>
    <domain>jease.cms.domain.property.DoubleProperty</domain>
    <editor>jease.cms.web.content.editor.property.DoublePropertyEditor</editor>
  </component>
  <component>
    <domain>jease.cms.domain.property.FileProperty</domain>
    <editor>jease.cms.web.content.editor.property.FilePropertyEditor</editor>
  </component>
  <component>
    <domain>jease.cms.domain.property.HtmlProperty</domain>
    <editor>jease.cms.web.content.editor.property.HtmlPropertyEditor</editor>
  </component>
  <component>
    <domain>jease.cms.domain.property.IntegerProperty</domain>
    <editor>jease.cms.web.content.editor.property.IntegerPropertyEditor</editor>
  </component>
  <component>
    <domain>jease.cms.domain.property.LinesProperty</domain>
    <editor>jease.cms.web.content.editor.property.LinesPropertyEditor</editor>
  </component>
  <component>
    <domain>jease.cms.domain.property.LinkProperty</domain>
    <editor>jease.cms.web.content.editor.property.LinkPropertyEditor</editor>
  </component>
  <component>
    <domain>jease.cms.domain.property.ScriptProperty</domain>
    <editor>jease.cms.web.content.editor.property.ScriptPropertyEditor</editor>
  </component>
  <component>
    <domain>jease.cms.domain.property.SelectionProperty</domain>
    <editor>jease.cms.web.content.editor.property.SelectionPropertyEditor</editor>
  </component>
  <component>
    <domain>jease.cms.domain.property.StringProperty</domain>
    <editor>jease.cms.web.content.editor.property.StringPropertyEditor</editor>
  </component>
  <component>
    <domain>jease.cms.domain.property.TextProperty</domain>
    <editor>jease.cms.web.content.editor.property.TextPropertyEditor</editor>
  </component>
</jease>